ticket_id,llm_billing,llm_account,llm_performance,llm_security,llm_bug,llm_feature,llm_network,llm_hardware,llm_software
12844,not_present,not_present,not_present,not_present,not_present,not_present,negative,negative,negative
14164,not_present,not_present,not_present,negative,not_present,not_present,negative,negative,not_present
20635,not_present,not_present,not_present,negative,not_present,not_present,not_present,not_present,negative
728,not_present,not_present,negative,not_present,negative,not_present,not_present,not_present,negative
21731,not_present,not_present,not_present,negative,not_present,not_present,not_present,not_present,negative
12002,not_present,not_present,not_present,negative,not_present,not_present,not_present,not_present,negative
13963,not_present,not_present,negative,not_present,negative,negative,not_present,not_present,negative
5652,not_present,not_present,not_present,not_present,not_present,neutral,not_present,not_present,neutral
23613,not_present,not_present,not_present,not_present,negative,negative,not_present,not_present,negative
13771,not_present,not_present,not_present,neutral,not_present,not_present,not_present,not_present,not_present
14942,not_present,not_present,not_present,negative,not_present,not_present,not_present,not_present,negative
7581,neutral,not_present,not_present,not_present,not_present,not_present,not_present,not_present,not_present
23920,neutral,neutral,not_present,not_present,not_present,not_present,not_present,not_present,not_present
15039,negative,not_present,not_present,not_present,not_present,not_present,not_present,not_present,not_present
9921,not_present,not_present,negative,not_present,not_present,not_present,not_present,not_present,not_present
5340,not_present,not_present,negative,not_present,not_present,not_present,not_present,not_present,negative
959,not_present,not_present,negative,not_present,not_present,not_present,not_present,not_present,not_present
9066,not_present,not_present,not_present,not_present,negative,not_present,not_present,not_present,negative
11116,negative,not_present,not_present,not_present,not_present,not_present,not_present,not_present,not_present
3037,not_present,not_present,not_present,negative,not_present,not_present,not_present,not_present,not_present
13550,not_present,not_present,not_present,negative,not_present,not_present,not_present,not_present,negative
11295,not_present,not_present,not_present,not_present,not_present,neutral,not_present,not_present,not_present
16932,not_present,not_present,negative,not_present,not_present,not_present,not_present,not_present,negative
10959,negative,not_present,not_present,not_present,not_present,not_present,not_present,not_present,not_present
8783,negative,negative,not_present,not_present,not_present,not_present,not_present,not_present,not_present
14976,not_present,not_present,neutral,not_present,not_present,neutral,not_present,not_present,neutral
17845,not_present,not_present,not_present,not_present,not_present,neutral,not_present,not_present,neutral
14611,not_present,not_present,negative,not_present,not_present,negative,not_present,not_present,negative
6413,not_present,not_present,not_present,neutral,not_present,not_present,not_present,not_present,not_present
8500,not_present,negative,not_present,negative,not_present,not_present,not_present,not_present,negative
22528,not_present,not_present,negative,not_present,not_present,not_present,negative,not_present,negative
24501,not_present,not_present,not_present,not_present,not_present,not_present,not_present,not_present,neutral
16405,not_present,not_present,not_present,neutral,not_present,not_present,neutral,not_present,not_present
13301,not_present,not_present,negative,not_present,not_present,negative,not_present,not_present,negative
11507,not_present,not_present,negative,not_present,not_present,neutral,not_present,not_present,neutral
12659,not_present,not_present,negative,not_present,not_present,not_present,neutral,negative,not_present
3500,not_present,not_present,not_present,neutral,not_present,not_present,not_present,not_present,not_present
1382,not_present,not_present,not_present,not_present,not_present,not_present,not_present,not_present,not_present
10867,not_present,not_present,not_present,not_present,not_present,neutral,not_present,not_present,not_present
2839,not_present,not_present,not_present,not_present,not_present,not_present,negative,not_present,not_present
23433,not_present,not_present,negative,not_present,not_present,not_present,negative,negative,not_present
11587,neutral,not_present,not_present,not_present,not_present,not_present,not_present,not_present,not_present
9933,neutral,not_present,not_present,not_present,not_present,not_present,not_present,not_present,not_present
4209,not_present,not_present,negative,not_present,not_present,not_present,negative,negative,negative
19905,negative,not_present,not_present,not_present,not_present,not_present,not_present,not_present,not_present
17058,not_present,not_present,not_present,not_present,negative,not_present,not_present,negative,negative
4686,neutral,not_present,not_present,not_present,not_present,not_present,not_present,not_present,not_present
24124,not_present,not_present,not_present,not_present,not_present,not_present,not_present,neutral,not_present
21186,negative,not_present,not_present,not_present,not_present,not_present,not_present,not_present,not_present
221,not_present,not_present,negative,not_present,negative,not_present,not_present,negative,negative
22476,not_present,not_present,negative,not_present,negative,not_present,not_present,not_present,negative
13590,not_present,not_present,negative,not_present,negative,not_present,not_present,negative,negative
4946,not_present,not_present,not_present,neutral,not_present,neutral,not_present,not_present,neutral
5012,not_present,not_present,not_present,not_present,not_present,neutral,not_present,not_present,neutral
1969,not_present,not_present,not_present,negative,not_present,not_present,not_present,not_present,not_present
20884,not_present,not_present,not_present,neutral,not_present,not_present,not_present,not_present,not_present
23080,negative,negative,not_present,not_present,negative,not_present,not_present,not_present,not_present
15330,not_present,not_present,not_present,not_present,not_present,neutral,not_present,not_present,neutral
4809,not_present,not_present,negative,not_present,neutral,not_present,not_present,not_present,negative
7926,not_present,not_present,negative,not_present,negative,not_present,not_present,not_present,negative
5086,not_present,not_present,not_present,not_present,negative,not_present,not_present,not_present,negative
24200,negative,negative,not_present,not_present,negative,not_present,not_present,not_present,not_present
12110,not_present,not_present,not_present,neutral,not_present,not_present,not_present,not_present,not_present
11786,not_present,not_present,not_present,not_present,not_present,not_present,not_present,not_present,negative
6935,not_present,not_present,negative,not_present,not_present,not_present,not_present,not_present,negative
24314,not_present,not_present,not_present,not_present,not_present,neutral,not_present,not_present,neutral
7751,negative,not_present,not_present,not_present,negative,not_present,not_present,not_present,not_present
3702,not_present,not_present,not_present,negative,not_present,not_present,not_present,not_present,not_present
15884,not_present,not_present,not_present,negative,not_present,not_present,not_present,not_present,not_present
7479,not_present,not_present,not_present,not_present,negative,not_present,not_present,negative,negative
12605,not_present,not_present,not_present,not_present,not_present,neutral,not_present,not_present,neutral
24913,not_present,not_present,negative,not_present,not_present,not_present,negative,not_present,not_present
12034,not_present,not_present,not_present,neutral,not_present,not_present,not_present,not_present,not_present
15974,not_present,not_present,not_present,not_present,not_present,not_present,not_present,not_present,not_present
23535,not_present,not_present,negative,not_present,negative,not_present,neutral,not_present,negative
20255,not_present,negative,not_present,negative,negative,not_present,not_present,not_present,negative
11083,not_present,not_present,not_present,not_present,not_present,neutral,not_present,not_present,neutral
19375,negative,negative,not_present,not_present,not_present,not_present,not_present,not_present,not_present
132,not_present,not_present,negative,negative,negative,not_present,negative,negative,negative
24408,not_present,not_present,negative,not_present,not_present,not_present,negative,not_present,not_present
