ticket_id,aspect,human,llm,verdict,body
132,bug,not_present,negative,,"Medical technical equipment such as touchscreens, webcams, and Ubuntu-based systems are experiencing crashes and connectivity disruptions, probably due to conflicts caused by recent security patches affecting device drivers. Restarting devices, manual updates, and reverting patches have been effective in resolving these problems."
132,hardware,neutral,negative,,"Medical technical equipment such as touchscreens, webcams, and Ubuntu-based systems are experiencing crashes and connectivity disruptions, probably due to conflicts caused by recent security patches affecting device drivers. Restarting devices, manual updates, and reverting patches have been effective in resolving these problems."
132,network,neutral,negative,,"Medical technical equipment such as touchscreens, webcams, and Ubuntu-based systems are experiencing crashes and connectivity disruptions, probably due to conflicts caused by recent security patches affecting device drivers. Restarting devices, manual updates, and reverting patches have been effective in resolving these problems."
132,performance,neutral,negative,,"Medical technical equipment such as touchscreens, webcams, and Ubuntu-based systems are experiencing crashes and connectivity disruptions, probably due to conflicts caused by recent security patches affecting device drivers. Restarting devices, manual updates, and reverting patches have been effective in resolving these problems."
132,security,not_present,negative,,"Medical technical equipment such as touchscreens, webcams, and Ubuntu-based systems are experiencing crashes and connectivity disruptions, probably due to conflicts caused by recent security patches affecting device drivers. Restarting devices, manual updates, and reverting patches have been effective in resolving these problems."
132,software,neutral,negative,,"Medical technical equipment such as touchscreens, webcams, and Ubuntu-based systems are experiencing crashes and connectivity disruptions, probably due to conflicts caused by recent security patches affecting device drivers. Restarting devices, manual updates, and reverting patches have been effective in resolving these problems."
221,performance,not_present,negative,,"Dear Customer Support, I am facing an issue where my printer releases excessive ink droplets onto the Logitech StreamCam. This problem began after recent firmware updates. I believe it may be due to a conflict with system drivers. I have already attempted reinstalling the drivers and resetting the StreamCam device, but the issue remains. Could you please help troubleshoot this problem? It is significantly disrupting my workflow, and I would appreciate guidance on resolving it, particularly regarding compatibility concerns."
221,software,not_present,negative,,"Dear Customer Support, I am facing an issue where my printer releases excessive ink droplets onto the Logitech StreamCam. This problem began after recent firmware updates. I believe it may be due to a conflict with system drivers. I have already attempted reinstalling the drivers and resetting the StreamCam device, but the issue remains. Could you please help troubleshoot this problem? It is significantly disrupting my workflow, and I would appreciate guidance on resolving it, particularly regarding compatibility concerns."
728,bug,not_present,negative,,"The Screen Recorder has been failing intermittently, which might be related to server overload. After restarting the application, the problem still persists. I would appreciate it if you could look into this matter and provide a solution as soon as possible. Please inform me if there is any additional information needed to resolve the issue."
959,performance,neutral,negative,,"Customer Support: We are informing you that our SaaS platform experienced an unforeseen outage, probably due to server overload caused by a configuration mistake. Our team responded promptly by restarting servers, increasing resource allocation, and closely monitoring the situation to resolve the problem swiftly. These actions helped stabilize the platform, and diagnostics are ongoing to prevent similar incidents in the future. We apologize for any inconvenience caused and appreciate your understanding as we work to enhance service reliability."
959,software,neutral,not_present,,"Customer Support: We are informing you that our SaaS platform experienced an unforeseen outage, probably due to server overload caused by a configuration mistake. Our team responded promptly by restarting servers, increasing resource allocation, and closely monitoring the situation to resolve the problem swiftly. These actions helped stabilize the platform, and diagnostics are ongoing to prevent similar incidents in the future. We apologize for any inconvenience caused and appreciate your understanding as we work to enhance service reliability."
4209,hardware,not_present,negative,,"Our financial institution faced significant outages in data analytics tools including Outlook 2021, Visual Studio Code, and SAP ERP, likely due to server failures. Steps have been taken to mitigate the problem by restarting the affected applications and checking network connections. Additionally, we have restored system backups to ensure data integrity. We are currently monitoring the situation to prevent further disruptions. If the issue persists, we will investigate and take the necessary actions to resolve it."
4209,network,not_present,negative,,"Our financial institution faced significant outages in data analytics tools including Outlook 2021, Visual Studio Code, and SAP ERP, likely due to server failures. Steps have been taken to mitigate the problem by restarting the affected applications and checking network connections. Additionally, we have restored system backups to ensure data integrity. We are currently monitoring the situation to prevent further disruptions. If the issue persists, we will investigate and take the necessary actions to resolve it."
4809,bug,not_present,neutral,,"Customer Support has documented an unexpected crash in the digital campaign platform. The crash happened suddenly without prior warning. It is suspected that software conflicts or overload may be the cause. The team has tried to resolve the problem by restarting systems and updating relevant products, but these efforts have not yet succeeded. We are concerned about the potential disruption to marketing activities and urgently request assistance to resolve this issue. Could you please investigate the problem and suggest a solution?"
4946,software,not_present,neutral,,"Customer Support, I am reaching out to inquire about the security protocols in place to safeguard patient information within healthcare solutions. Could you please provide detailed guidance on how the software maintains confidentiality, integrity, and availability of sensitive patient data? Additionally, I would like to know about the compatibility of these solutions with existing healthcare system software. What steps are taken to ensure smooth integration and to minimize disruptions to healthcare services? I would appreciate any documentation or resources you can provide on this matter."
5012,software,not_present,neutral,,"Customer Support is seeking advice on how to optimize investment strategies through data analytics tools. They are exploring various features and functionalities of the platform and would appreciate expert insights to maximize its potential. Specifically, they want to learn about different metrics and indicators provided by the tools to make well-informed investment choices. Could you please offer guidance on how to begin using these data analytics tools for investment optimization?"
5340,performance,neutral,negative,,"The data analytics platform experienced intermittent failures, which hindered the investment optimization process. The probable cause was software compatibility problems. To resolve the issue, the server was rebooted, the analytics software was reinstalled, and normal operation was restored, allowing investment optimization to continue. To prevent recurrence, it is recommended to thoroughly verify software compatibility and keep it updated regularly. Additionally, a backup system has been put in place to reduce the impact of potential future failures. Ensuring the system's stability remains a priority."
5340,software,neutral,negative,,"The data analytics platform experienced intermittent failures, which hindered the investment optimization process. The probable cause was software compatibility problems. To resolve the issue, the server was rebooted, the analytics software was reinstalled, and normal operation was restored, allowing investment optimization to continue. To prevent recurrence, it is recommended to thoroughly verify software compatibility and keep it updated regularly. Additionally, a backup system has been put in place to reduce the impact of potential future failures. Ensuring the system's stability remains a priority."
5652,software,not_present,neutral,,"I am seeking detailed instructions for integrating the Smart-Rauchmelder Notion into a scalable SaaS project management platform. I am interested in learning about the tools used together to streamline workflows and enhance productivity. Could you please provide a step-by-step guide on how to perform the integration, along with any additional resources or support options available? Your guidance on this matter would be greatly appreciated. Thank you for your time and assistance. I look forward to your prompt response."
6935,feature,negative,not_present,,"I am preparing a report on significant disruptions in digital marketing strategies due to software compatibility issues. Recent updates to key applications might be causing these problems. We have attempted reinstalling the affected software and updating device drivers, but the issue still persists. I would greatly appreciate your assistance in resolving this matter."
6935,performance,not_present,negative,,"I am preparing a report on significant disruptions in digital marketing strategies due to software compatibility issues. Recent updates to key applications might be causing these problems. We have attempted reinstalling the affected software and updating device drivers, but the issue still persists. I would greatly appreciate your assistance in resolving this matter."
7479,bug,not_present,negative,,"Customer Support is encountering problems with the marketing tools, which are malfunctioning and impacting brand growth efforts. The issue might have begun with recent software updates, possibly due to hardware compatibility issues. Restarting devices and reinstalling software did not resolve the problem. We would greatly appreciate it if you could look into this matter and provide a solution as soon as possible. Please let us know if there is any additional information needed to resolve the issue. We are looking forward to your assistance."
7926,bug,not_present,negative,,"Customer Support,<br>A major system crash has occurred, impacting several key applications vital to our digital strategy. The issue might be due to a software conflict. Attempts to reboot and reinstall the affected software have been unsuccessful. Despite our efforts, the problem continues, causing significant disruptions to our operations. We urgently need your assistance to resolve this matter to prevent further losses. Could you please provide guidance on the next steps? A technician is needed to be dispatched."
8783,account,not_present,negative,,Facing unexpected subscription charges for digital products associated with brand growth strategies. This might have happened due to the auto-renewal feature across multiple accounts. Have already checked the billing settings and tried to cancel the subscriptions but still facing issues.
9921,performance,not_present,negative,,"The agency's digital marketing strategies are not performing as expected, leading to lower than anticipated brand growth. There might be a misalignment between the target audience and the digital tactics employed. After analyzing the current campaigns and adjusting the messaging, the improvements have been limited."
11083,software,not_present,neutral,,"Hello, I am reaching out to inquire about integrating Keras with ClickUp for data analytics projects. Could you provide any information on this? I am interested in using Keras for machine learning tasks within a ClickUp project management framework. Any guidance or resources provided would be greatly appreciated."
11295,feature,not_present,neutral,,"Dear Customer Support Team, I am writing to request enhancements in our digital marketing strategies across various platforms. Our goal is to drive brand growth and improve customer engagement. We would like to explore new ways to reach our target audience and increase our online presence. Specifically, we are interested in optimizing social media campaigns, improving the user experience on our website, and developing targeted email marketing initiatives. We believe that leveraging these strategies will increase our brand's visibility and engagement."
11507,feature,not_present,neutral,,"The performance metrics of the marketing campaigns have plateaued. We have conducted an analysis of the ongoing campaigns, including A/B testing, but the results have not shown improvement. This might be due to outdated digital strategies and insufficient data analysis tools. We need your assistance to identify the root cause and implement effective solutions to enhance brand growth."
11507,performance,not_present,negative,,"The performance metrics of the marketing campaigns have plateaued. We have conducted an analysis of the ongoing campaigns, including A/B testing, but the results have not shown improvement. This might be due to outdated digital strategies and insufficient data analysis tools. We need your assistance to identify the root cause and implement effective solutions to enhance brand growth."
11507,software,not_present,neutral,,"The performance metrics of the marketing campaigns have plateaued. We have conducted an analysis of the ongoing campaigns, including A/B testing, but the results have not shown improvement. This might be due to outdated digital strategies and insufficient data analysis tools. We need your assistance to identify the root cause and implement effective solutions to enhance brand growth."
11786,feature,negative,not_present,,"The firm's data analytics tools are unable to synchronize investment data. Efforts to resolve this, such as restarting the systems and checking firewall settings, have not been successful."
12605,software,not_present,neutral,,"I am seeking assistance from customer support to understand the features and tools available in OBS Studio 27 that can help in creating engaging and informative presentations, particularly with investment data. I would appreciate any tips or practices that can help me use the software effectively for this purpose. Your guidance and any resources provided would be greatly appreciated. I look forward to hearing from you soon."
12659,hardware,not_present,negative,,"Problems with devices linking to the WLAN-Router are believed to be due to network congestion. It seems there is insufficient bandwidth when multiple tools are being used simultaneously. Rebooting and re-establishing connections on the devices helped, but it affected productivity."
12659,network,negative,neutral,,"Problems with devices linking to the WLAN-Router are believed to be due to network congestion. It seems there is insufficient bandwidth when multiple tools are being used simultaneously. Rebooting and re-establishing connections on the devices helped, but it affected productivity."
12659,performance,not_present,negative,,"Problems with devices linking to the WLAN-Router are believed to be due to network congestion. It seems there is insufficient bandwidth when multiple tools are being used simultaneously. Rebooting and re-establishing connections on the devices helped, but it affected productivity."
12844,hardware,not_present,negative,,"Facing connectivity problems across several devices and applications, which is impacting project management tasks. It might be due to recent software updates or configuration changes. Despite restarting the devices and checking network settings, the issue still exists."
13301,feature,not_present,negative,,"Dear Customer Support, I am encountering service disruptions with several of your products, including IFTTT and DataRobot. The issue might be due to unexpected server overload. Initial steps have been taken to address the problem, such as restarting affected services and scaling server resources. However, the issues continue, and I require assistance to resolve them. I appreciate your prompt attention to this matter and look forward to your support in restoring full functionality to the services. Please let us know."
13590,bug,not_present,negative,,"Dear Support Team, I faced an unexpected system crash while performing data analysis. It seems a possible overload of data might have triggered this. After restarting the system and clearing the cache, the issue still persists. The crash happened while processing a large dataset, and I suspect the system might not be able to handle the data volume. I have already checked for software updates and ensured hardware compatibility, but the problem still remains. I would greatly appreciate your help in resolving this issue."
13590,hardware,not_present,negative,,"Dear Support Team, I faced an unexpected system crash while performing data analysis. It seems a possible overload of data might have triggered this. After restarting the system and clearing the cache, the issue still persists. The crash happened while processing a large dataset, and I suspect the system might not be able to handle the data volume. I have already checked for software updates and ensured hardware compatibility, but the problem still remains. I would greatly appreciate your help in resolving this issue."
13963,bug,not_present,negative,,"Dear Customer Support, I hope this message finds you well. I am reaching out to report an issue that has arisen with recent updates. Specifically, several integrations between Adobe Illustrator CC 2021 and Shopware are failing, and I suspect this might be due to compatibility issues. Despite my attempts to revert the updates and restart the application, the problems continue to persist. These failed integrations are causing significant disruptions to my workflow. I would greatly appreciate any assistance you can provide to resolve this matter and guide me through the necessary steps. If you require any additional information, please do not hesitate to ask. Thank you in advance for your help."
13963,performance,not_present,negative,,"Dear Customer Support, I hope this message finds you well. I am reaching out to report an issue that has arisen with recent updates. Specifically, several integrations between Adobe Illustrator CC 2021 and Shopware are failing, and I suspect this might be due to compatibility issues. Despite my attempts to revert the updates and restart the application, the problems continue to persist. These failed integrations are causing significant disruptions to my workflow. I would greatly appreciate any assistance you can provide to resolve this matter and guide me through the necessary steps. If you require any additional information, please do not hesitate to ask. Thank you in advance for your help."
14164,hardware,not_present,negative,,"An alert for unauthorized access has been triggered in the hospital's network, which may have jeopardized the security of medical data due to vulnerabilities in the network devices."
14611,feature,not_present,negative,,"There has been a drop in brand engagement metrics. Recent adjustments to the algorithms may have missed the mark, leading to this decline. After analyzing the data and adjusting our strategies, we haven't seen the improvements we were hoping for yet."
14611,performance,not_present,negative,,"There has been a drop in brand engagement metrics. Recent adjustments to the algorithms may have missed the mark, leading to this decline. After analyzing the data and adjusting our strategies, we haven't seen the improvements we were hoping for yet."
14611,software,not_present,negative,,"There has been a drop in brand engagement metrics. Recent adjustments to the algorithms may have missed the mark, leading to this decline. After analyzing the data and adjusting our strategies, we haven't seen the improvements we were hoping for yet."
14976,performance,not_present,neutral,,I am seeking insights to enhance brand expansion using Elasticsearch. Could you provide strategies to optimize search and improve customer experience?
14976,software,not_present,neutral,,I am seeking insights to enhance brand expansion using Elasticsearch. Could you provide strategies to optimize search and improve customer experience?
15330,billing,neutral,not_present,,"Dear Customer Support, I am inquiring about the data analytics services you offer, particularly how they can be used to optimize investment strategies. Could you provide detailed information on the types of services you offer, such as predictive modeling, portfolio analysis, and risk assessment? I would greatly appreciate any case studies or examples of how you have assisted clients in the past. Additionally, could you provide information on the cost and implementation process for these services? I look forward to hearing back from you soon."
15330,software,not_present,neutral,,"Dear Customer Support, I am inquiring about the data analytics services you offer, particularly how they can be used to optimize investment strategies. Could you provide detailed information on the types of services you offer, such as predictive modeling, portfolio analysis, and risk assessment? I would greatly appreciate any case studies or examples of how you have assisted clients in the past. Additionally, could you provide information on the cost and implementation process for these services? I look forward to hearing back from you soon."
15884,security,neutral,negative,,"Dear Customer Support, I am writing to request improvements in security protocols that will better safeguard the medical data in our hospital's systems. It is crucial to protect sensitive patient information and prevent unauthorized access. I would greatly appreciate if you could look into this matter and implement the necessary measures to ensure the security of our medical data systems. Your attention to this important matter is highly appreciated."
16405,billing,neutral,not_present,,"Inquiring about Customer Support for healthcare data security solutions services offered by hospitals. Would appreciate details on the types of services provided, including data encryption, network security, and compliance management. Additionally, could provide relevant case studies and testimonials from working with hospitals. Also, interested in pricing and the implementation process. Looking forward to hearing back soon."
16405,network,not_present,neutral,,"Inquiring about Customer Support for healthcare data security solutions services offered by hospitals. Would appreciate details on the types of services provided, including data encryption, network security, and compliance management. Additionally, could provide relevant case studies and testimonials from working with hospitals. Also, interested in pricing and the implementation process. Looking forward to hearing back soon."
17058,hardware,not_present,negative,,"Last night, the protected portal malfunctioned. Could be due to a software defect or recent update. We've reinitiated the servers and verified the firewall configurations."
17845,billing,neutral,not_present,,"I would like to inquire about data analytics tools that can integrate with JIRA to optimize investments. Could you provide a list of compatible tools and their features, and explain how they can support data-driven decisions and enhance investment strategies? Additionally, could you share any information on pricing and implementation requirements? Thank you for your assistance and I look forward to your response."
17845,software,not_present,neutral,,"I would like to inquire about data analytics tools that can integrate with JIRA to optimize investments. Could you provide a list of compatible tools and their features, and explain how they can support data-driven decisions and enhance investment strategies? Additionally, could you share any information on pricing and implementation requirements? Thank you for your assistance and I look forward to your response."
19375,account,not_present,negative,,"Dear Support Team, I am reaching out to report an issue that I have experienced with my account. Recently, I discovered that my invoice contains charges that are not consistent with my subscription or product quantities. I have taken the following actions to address this: 1. Confirmed that my account details are correct and up-to-date. 2. Examined previous invoices for any irregularities or unusual transactions. 3. Communicated with your support team previously, but the issue remains unresolved. I would greatly appreciate your assistance in investigating this matter and resolving it promptly. If you require additional information from me, please let me know. Thank you for your attention to this matter. I look forward to your prompt response. Sincerely, [Your Name]"
20255,bug,not_present,negative,,"I am facing an unanticipated login failure, which began after the latest security update. I have already attempted to restart my browser and clear the cache, but the issue remains unresolved. Could you please investigate and offer a solution at your earliest convenience? I look forward to your response."
20255,security,not_present,negative,,"I am facing an unanticipated login failure, which began after the latest security update. I have already attempted to restart my browser and clear the cache, but the issue remains unresolved. Could you please investigate and offer a solution at your earliest convenience? I look forward to your response."
23080,account,not_present,negative,,"I have recently been sent an inaccurate invoice. After cross-checking my account details, I believe there could be a system error or data discrepancy that has led to this mistake. Even after reaching out to your customer support team, the issue remains unresolved. I kindly request your assistance in addressing this and guaranteeing the precision of my invoices going forward. I would appreciate it if you could look into this and supply a corrected invoice at the earliest convenience."
23080,bug,not_present,negative,,"I have recently been sent an inaccurate invoice. After cross-checking my account details, I believe there could be a system error or data discrepancy that has led to this mistake. Even after reaching out to your customer support team, the issue remains unresolved. I kindly request your assistance in addressing this and guaranteeing the precision of my invoices going forward. I would appreciate it if you could look into this and supply a corrected invoice at the earliest convenience."
23433,hardware,not_present,negative,,"Issue: Sudden slowdown in accessing medical data. Likely cause: Potential network configuration problem. Steps taken: Restarted servers, verified firewalls. Urgent need for your help to fix this to maintain continuous access to essential medical information."
23535,network,not_present,neutral,,"Dear Customer Support, I am experiencing an issue with uploading a project. The error message was not detailed, which made it difficult to ascertain the exact cause. This issue may have been due to a server overload or an internal coding problem within the platform. To address this, I have restarted my browser, cleared the cache, and verified my network connection to ensure it was stable. Unfortunately, these actions did not resolve the issue. Here are the specific details of the problem: - Occurred: Error message displayed during project upload. - Possible Cause: Server overload or coding issue. - Actions Taken: Restarted browser, cleared cache, checked network connection. I would be grateful if you could investigate this and provide a solution or instructions on how to proceed. If there is any further information needed from me to understand or resolve the issue, please let me know. Thank you for your time and assistance. Best regards"
23613,feature,not_present,negative,,"Dear Customer Support Team, I am writing to report a critical issue I have encountered with the IntelliJ IDEA 2024.1, which is significantly impacting my project timeline. This matter is quite urgent as it is affecting our ability to complete a key deliverable on schedule. The issue began earlier this week when I attempted to complete some coding tasks in the IDE. Specifically, I am experiencing recurrent 'completion' errors that prevent the system from auto-suggesting code across various programming languages, which is a feature I rely heavily upon for efficient coding. Such a malfunction disrupts the coding routine and leads to increased time for tasks that would normally be streamlined through the use of IntelliJ IDEA's sophisticated development tools. Given the critical nature of this problem, as my project requires prompt and precise coding among team members, any delay caused due to manual coding processes could lead to missing the project deadlines. It's pressing to have this fixed to avoid significant impact on deliverables, which would further affect client relations and business standing. I have already checked for updates and verified that my IntelliJ IDEA installation is up to date. I also attempted to use 'Invalidate Caches/Restart', restarted the software, and even rebooted my computer to resolve the issue but to no avail. Additionally, all plugins used are compatible with the current version as per their documentation. However, no immediate relief has been obtained through these initial troubleshooting steps. I request urgent assistance from your technical support team to identify and resolve this issue. Please let me know if any additional information is required or if there's any particular error logs that you need me to send through. I am available for a remote session at a time convenient to the support staff to expedite the resolution of this problem. This problem is significantly slowing down our progress. An efficient IDE like IntelliJ is integral to our work processes, hence it is crucial to address the disruption swiftly. Thank you for your prompt attention to this matter. I look forward to your immediate response at your earliest convenience. Best regards, <name> <tel_num> <name> from XYZ Tech <tel_num> <email_address>"
23920,account,not_present,neutral,,"Dear Tech Online Store Support Team, I hope this message finds you well. I am writing to request a change in my current Microsoft Office 365 subscription plan. Presently, I am subscribed to the Basic services; however, I am interested in upgrading to the Premium services to better suit my usage requirements. Please let me know the process involved in making this change and any potential impact it may have on my current account, <acc_num>. Additionally, if there are any promotions or discounts applicable to the Premium plan, I would appreciate further information. Kindly contact me at your earliest convenience with the steps to proceed. You can reach me at my email or phone number, <tel_num>. Thank you for your assistance. Best regards, <name>"
24124,hardware,negative,neutral,,"Dear Customer Support Team, I am dealing with a flickering display problem on my Dell XPS 13 9310 laptop. Kindly help me with a resolution or assist me in going through the troubleshooting steps. Thank you, <name> <acc_num> <tel_num>"
24200,account,not_present,negative,,"Dear Customer Support, I am writing to report a billing issue I am experiencing with several purchases made through the Tech Online Store using the Google Chrome extension for version 102.0. It seems there have been unexpected charges appearing on my account <acc_num>. The purchases listed do not align with my recent activities, and I believe there may be a glitch. I urgently require your assistance in resolving this matter. Please review the charges at your earliest convenience and advise on steps to correct the errors. My contact info is <tel_num>, and you may reach out to me directly if more details are needed. Thank you for your swift attention to this issue. Sincerely, <name>"
24314,software,not_present,neutral,,"Dear Customer Support, I am writing to request additional integrations with Jira Software to enhance project tracking and team collaboration. These additional features would greatly benefit our workflow by allowing us better control and oversight. Currently, we are using Jira Software 8.20, and are seeking enhancements that could provide more streamlined integration capabilities. We believe that improved interaction features will promote productivity across our team. Could you please provide information about any available integrations or upcoming updates that address these needs? Thank you for your time and support. Best regards, <name>"
24408,performance,not_present,negative,,"Hello, I'm experiencing connection issues during critical video conferencing sessions while using Zoom 5.11.0. As this greatly impacts productivity, I seek high priority support to resolve these problems. Please address this matter as soon as possible to ensure smooth communication during important meetings. If needed, I can provide logs or further details. Contact me at <tel_num>. Thank you, <name>, Account number: <acc_num>."
24408,software,negative,not_present,,"Hello, I'm experiencing connection issues during critical video conferencing sessions while using Zoom 5.11.0. As this greatly impacts productivity, I seek high priority support to resolve these problems. Please address this matter as soon as possible to ensure smooth communication during important meetings. If needed, I can provide logs or further details. Contact me at <tel_num>. Thank you, <name>, Account number: <acc_num>."
24913,software,negative,not_present,,"Dear IT Support Services Team, I am reaching out to urgently highlight a network outage that seems to have arisen from an improperly set up AWS Cloud configuration. This issue has had a significant impact on the AWS Management Service, which is a vital aspect of our operations. The outage is hindering our efficiency and affecting the timely delivery of our services to clients. Given the pressing nature of this issue, we request your expertise and immediate action to restore normal network operations. Additionally, we kindly ask for a detailed verification of the deployment to ensure that all configurations comply with industry standards and to mitigate any future occurrences. Please treat this issue with high priority, as it is crucial for our ongoing operation. Should you require more details, please feel free to reach out to me at your earliest convenience. Thank you for your swift attention to this critical matter. Best, <name> Position Company Name <email@domain.com> <tel_num>"
